X,Y,OBJECTID,FEATURE_ID,NAME,ADDRESS,ZIP,City,INVENTORY_ID,DISTRICT,OWNERSHIP_TYPE,OWNER,REG_SPACES,ACCESSIBLE,XCOORD,YCOORD,LONGITUDE,LATITUDE,ADDRESS_NUM,ON_PREFIX,ON_STNAME,ON_STYPE,ON_SUFFIX,CROSS_PREFIX,CROSS_STNAME,CROSS_STYPE,CROSS_SUFFIX
-122.2198758,47.47896992,1,570003,Fred Meyer P&R,365 Renton Center Way SW,98057,Renton,533,S,L, ,21,0,1297558,177803,-122.2198782,47.4789679,365, ,Renter Center,Way,SW, , , , 
-122.4602572,47.45194208,2,570013,Ober Park Annex (Vashon Parks Dept)  P&R,17130 Vashon Hwy SW,98070,Vashon,737.1,S,L, ,9,0,1237917.262,169110.16,-122.4602597,47.45194041,17106, ,Vashon,Hwy,SW, , , , 
-122.3051975,47.31791995,3,570032,Federal Way Transit Center P&R,31621 23rd Ave S,98003,Federal Way,877,S,P,ST,1190,0,1275339,119460,-122.3052008,47.31791812,31621, ,23rd,Ave,S,S,317th,St, 
-122.2574901,47.30209041,4,570095,Peasley Canyon Rd/West Valley Hwy P&R,Peasley Canyon Rd/West Valley Hwy,98001,Auburn,739,S,P,S,54,0,1287064,113464.2269,-122.2574935,47.30208848,0, ,Peasley Canyon,Rd, , ,West Valley,Hwy, 
-122.2333132,47.38515717,5,570105,Kent Station Surface Lot P&R,400 1st Ave N,98032,Kent,872.1,S,P,ST,119,0,1293613.14,143649.16,-122.2333161,47.38515519,301, ,Railroad,Ave,N, , , , 
-122.2275162,47.57734767,6,570112,Mercer Island Presbyterian Church P&R,3605 84th Ave SE,98040,Mercer Island,511,E,L, ,14,0,1296319,213716,-122.2275181,47.57734568,3605, ,84th,Ave,SE, ,36th,Ave,SE
-122.2252406,47.54148904,7,570115,South Mercer Center - Mercer Island QFC P&R,8421 SE 68th St,98040,Mercer Island,516,E,L, ,21,0,1296644,200628,-122.2252427,47.54148704,8421, ,68th,St,,,,, 
-122.0359242,47.58226529,8,570133,South Sammamish P&R,3015 228th Ave SE,98074,Sammamish,761,E,P,KC,265,0,1343629.611,214711.7436,-122.0359259,47.58226289,3015,,228th,Ave,NE,,Issaquah Pine Lake,,
-122.3370738,47.47015553,9,570137,Burien TC P&R,14900 4th Ave SW,98166,Burien,732,S,P,P,588,0,1268518.47,175132.64,-122.3370762,47.4701537,14900,,4th,Ave,SW,SW,148th,St,
-122.1839296,47.50692187,10,570138,St Matthew Lutheran P&R,2516 NE 16th St,98056,Renton,640,S,L,S,128,0,1306624.64,187839.25,-122.1839318,47.50691977,2516,NE,16th,St,,,,,
-122.0618356,47.54180881,11,570071,Issaquah Transit Center P&R,1050 17th Ave NW,98027,Issaquah,818,E,P,ST,819,0,1336999.907,200057.5238,-122.0618376,47.54180644,1050,,17th,Ave,NW,NW,Maple,St,
-122.1983603,47.72931267,12,570073,Korean Covenant Church P&R,14220 Juanita Woodinville Way NE,98034,Kirkland,597,E,L,,30,0,1304497.358,269009.9031,-122.1983615,47.72931065,14220,,Juanita Woodinville ,Way,NE,NE,142nd,St,
-122.3337223,47.4530203,13,570075,Burien Church of God P&R,16640 1st Ave S,98148,Burien,598,S,L,,20,0,1269225.392,168867.3121,-122.3337248,47.45301847,16640,,1st ,Ave,S,S,168th,St,
-122.3368438,47.75611941,14,570076,Aurora Community Church of the Nazarene P&R,1900 N 175th St,98155,Shoreline,576,N,L,,116,0,1270613.141,279421.4031,-122.3368449,47.75611769,1900,N,N 175th,St,,,20th ,Pl,NE
-122.2316632,47.58856693,15,570078,Mercer Island P&R,7800 N Mercer Way,98040,Mercer Island,830,E,P,ST,447,0,1295369.948,217826.2865,-122.231665,47.58856495,7800,N,Mercer,Way,,,78th,Ave,SE
-122.2122673,47.24606269,16,570082,Sunset Park,1306 69th St SE,98092,Auburn,564,S,L,,10,,1297917,92826,-122.2122709,47.24606069,1306,,69th,St,SE,,Lakeland Hills,Way,SE
-122.2283743,47.26224556,17,570081,Family Life Center - Church of God P&R,116 Lakeland Hills Way SE,98092,Auburn,565,S,L,,27,,1294023.79,98800.148,-122.2283778,47.26224356,116,,Lakeland Hills,Way,SE,E,Valley,Hwy,
-122.1008334,47.67353058,18,570086,Bear Creek P&R,7760 178th Pl NE,98052,Redmond,712,E,P,KC,283,0,1328160.388,248254.7272,-122.1008347,47.67352838,7760, ,178th,Pl,NE, , , , 
-122.1851934,47.60285253,19,570087,Wilburton P&R,720 114th Ave SE,98005,Bellevue,729,E,P,S,186,0,1306927,222831.48,-122.1851951,47.60285046,720, ,114th,Ave,SE, , , , 
-122.1523678,47.58031064,20,570088,Eastgate P&R,14200 SE Eastgate Way,98007,Bellevue,713,E,P,S,1614,0,1314883,214469.6719,-122.1523696,47.58030849,14200,SE,Eastgate,Way, , , , , 
-122.3005766,47.31255926,21,570091,Federal Way/S 320th St P&R,32320 23rd Ave S,98003,Federal Way,733,S,P,S,877,0,1276447.75,117483.06,-122.3005798,47.31255741,32320, ,23rd,Ave,S, , , , 
-121.9372111,47.52727398,22,570092,Preston P&R,30303 SE High Point Way,98027,Issaquah,725,E,P,S,53,0,1367701.526,194289.8379,-121.937213,47.5272714,30303, ,I-90,Way, , ,Preston-Fall City,Rd, 
-122.3591281,47.29428513,23,570097,Twin Lakes P&R,21st Ave SW & SW 344th St,98023,Federal Way,742,S,P,S,600,0,1261793,111101,-122.3591314,47.29428341,0, ,21st,Ave,SW,SW,344th,St, 
-121.986446,47.74357964,24,570098,Duvall P&R,SR-203 & Woodinville/Duvall Rd,98019,Duvall,731,E,P,KC,49,0,1356721.04,273360.22,-121.9864469,47.74357733,0, ,SR 203, , , ,Woodinville Duvall,Rd, 
-122.0616625,47.54070863,25,570099,Tibbetts Lot P&R,1675 Newport Way NW,98027,Issaquah,755,E,P,KC,170,0,1337036.259,199655.5853,-122.0616644,47.54070625,1675, ,Newport,Way,NW, ,17th,Ave,NW
-122.1363072,47.63298649,26,570100,Overlake P&R,2650 152nd Ave NE,98052,Redmond,724,E,P,KC,203,0,1319171.62,233613.71,-122.1363088,47.63298434,2650, ,152nd,Ave,NE,NE,24th, , 
-122.3260629,47.7029578,27,570101,Northgate TC Extension P&R,3rd Ave NE & NE 103rd St,98125,Seattle,753.1,N,P,KC,448,10,1272888.359,259981.8323,-122.3260642,47.70295601,0,NE,103rd,St, , ,3rd,Ave,NE
-122.2338671,47.38365828,28,570104,Kent Garage at Kent Station P&R,320 Ramsay Way,98032,Kent,872,S,P,ST,877,0,1293466,143105,-122.23387,47.3836563,320,,Ramsay,Way,, , , , 
-122.3190932,47.75563608,29,570107,Bethel Lutheran Church P&R,17418 8th Ave NE,98155,Shoreline,502,N,L, ,40,0,1274975.13,279160.34,-122.3190943,47.75563432,17418, ,8th,Ave,NE, ,10th,Ave,NE
-122.302304,47.73444937,30,570108,Shoreline United Methodist Church P&R,14511 25th Ave NE,98155,Shoreline,566,N,L, ,20,0,1278956.628,271354.253,-122.3023052,47.73444754,14511,,25th,Ave,NE,NE,145th,St,
-122.1794536,47.55116891,31,570114,Newport Hills Community Church P&R,5833 119th Ave SE,98006,Bellevue,513,E,L, ,37,0,1308013.044,203957.1679,-122.1794556,47.55116681,5833, ,119th,Ave,SE, ,58th,Ave,SE
-122.3587862,47.51754514,32,570117,Holy Family Church P&R,9641 20th Ave SW,98106,Seattle,562,N,L, ,23,0,1263492,192521,-122.3587883,47.51754333,9641, ,20th,Ave,SW, ,20th,Ave,SW
-122.2198457,47.48011916,33,570120,City View Church P&R,255 Hardie Ave SW,98055,Renton,524,S,L, ,96,0,1297573,178222,-122.219848,47.48011714,255,,Hardie ,Ave,SW, ,,,
-122.1545243,47.44335746,34,570121,Nativity Lutheran Church P&R,17707 140th Ave,98058,Renton,530,S,L, ,49,0,1313493.238,164530.4313,-122.1545268,47.44335528,17707, ,140th,Ave,SE,SE,177th,St, 
-122.0380916,47.2099896,35,570126,Farmers Park P&R,22729 SE 436th St,98022,Enumclaw,523,S,L, ,25,0,1340969,78943,-122.0380943,47.20998778,22729,SE,436th,St, , ,228th,Ave,SE
-122.0335185,47.60190915,36,570128,Sammamish Hills Lutheran Church P&R,22818 SE 8th St,98074,Sammamish,588,E,L, ,54,0,1344335,221867,-122.0335202,47.60190677,22818,SE,8th,St, , ,228th,Ave,SE
-122.1378683,47.46371184,37,570129,New Life Church at Renton P&R,15711 152nd Ave SE,98059,Renton,536,S,L, ,25,0,1317740.146,171883.6266,-122.1378707,47.46370963,15711, ,152nd ,Ave,SE, ,,,
-122.2870628,47.47053439,38,570130,The Church by the Side of the Road P&R,3455 S 148th St,98168,Tukwila,577,S,L, ,28,0,1280888.08,175033.1472,-122.2870652,47.4705325,3455,S,148th,St, , ,,,
-122.3071888,47.73438801,39,570014,Prince of Peace Lutheran Church P&R,14514 20th Ave NE,98155,Shoreline,544,N,L, ,20,0,1277754.388,271354.8545,-122.3071899,47.73438619,14514, ,20th,Ave,NE, , , , 
-122.326389,47.32208793,40,570018,St Luke Lutheran Church - Fed Way P&R,515 S 312th St,98003,Federal Way,547,S,L, ,20,0,1270112.86,121081.31,-122.3263922,47.32208613,515,S,312th,St, , , , , 
-122.3339171,47.49806601,41,570019,Beverly Park First Baptist Church P&R,11659 1st Ave S,98168,Seattle,550,S,L, ,12,0,1269497.584,185296.2337,-122.3339193,47.49806417,11659, ,1st,Ave,S,S,116th,St, 
-122.3102394,47.35523139,42,570029,Redondo Heights P&R,27454 Pacific Hwy S,98003,Federal Way,757,S,P,KC,697,17,1274349.75,133091.438,-122.3102425,47.35522955,27454, ,Pacific,Hwy,S,S,276th,St, 
-122.3414813,47.77484561,43,570033,Aurora Village Transit Center P&R,1524 N 200th St,98133,Shoreline,754,N,P,KC,202,0,1269606.5,286273.1251,-122.3414823,47.77484398,1524,N,200th,St, , , , , 
-121.8727627,47.53283117,44,570052,Snoqualmie Community Park P&R,35016 SE Ridge St,98065,Snoqualmie,631,E,L,,20,,1383650,196095,-121.8727645,47.53282854,35016,SE,Ridge,St,,,,,
-122.0835301,47.75746287,45,570039,Woodinville Unitarian Universalist P&R,19020 NE Woodinville Duvall Rd,98072,Woodinville,559,E,L, ,30,0,1332920.11,278796.66,-122.083531,47.75746073,19020, ,Woodinville Duvall,Rd, , , , , 
-122.3224953,47.28945581,46,570058,South Federal Way P&R,901 S 348th St,98003,Federal Way,741,S,P,KC,515,0,1270848.125,109161.6801,-122.3224987,47.28945402,901,S,348th,St, , , , , 
-122.1866015,47.39923252,47,570072,East Hill Friends Church P&R,22600 116th Ave SE,98031,Kent,596,S,L,,20,0,1305273.646,148575.5823,-122.1866043,47.39923043,22600,,116th ,Ave,SE,SE,225th,St,
-122.4610166,47.42309953,48,570083,Valley Center P&R,20221 Vashon hwy SW,98070,Vashon,747,S,P,KC,55,0,1237506.91,158595.72,-122.4610192,47.42309789,20221, ,Vashon,Hwy,SW, , , , 
-122.2433479,47.38560805,49,570090,Kent/James Street P&R,902 W James St,98032,Kent,734,S,P,KC,713,0,1291130.63,143858.98,-122.2433508,47.38560609,902,W,James,St, , , , , 
-122.3666173,47.57153376,50,570096,SW Spokane St P&R,3599 26th Ave SW,98126,Seattle,744,N,P,S,55,0,1261949.61,212248.7,-122.3666192,47.57153199,3599, ,26th,Ave,SW, , , , 
-122.0085108,47.20609044,51,570131,Sacred Heart Church of Enumclaw P&R,1614 Farrelly St,98022,Enumclaw,578,S,L, ,40,0,1348299.125,77407.17996,-122.0085133,47.20608867,1614, ,Farrelly,St, , ,Griffin,Ave, 
-121.7886904,47.49613702,52,570135,North Bend P&R,W North Bend Way and Sydney Ave,98045,North Bend,762,E,P,C,80,4,1404250.834,182442.1238,-121.7886921,47.49613431,0,W,North Bend,Way,,,Sydney,Ave,
-122.033592,47.68554608,53,570136,Redmond Ridge P&R,NE Cedar Park Cres & Redmond Ridge Dr NE,98053,Redmond,632,E,L,P,52,4,1344792.67,252371.44,-122.0335933,47.68554377,0,NE,Cedar Park,Cres,,,Redmond Ridge,Dr,NE
-122.2878869,47.46483382,54,570134,Tukwila International Blvd Station P&R,15247 International Blvd,98188,Tukwila,890,S,P,ST,600,0,1280645,172958,-122.2878893,47.46483193,0,,International,Blvd,,,Southcenter,Blvd,S
-122.2980407,47.42225963,55,570148,Angle Lake Station P&R,20015 28th Ave S,98188,SeaTac,891,S,P,ST,1160,0,1277838.295,157478.855,-122.2980433,47.42225776,20015,,28th,Ave,S,S,200th,St,
-122.3242804,47.70332568,56,570143,North Seattle Interim (Lot A) P&R,402 NE 103rd St,98125,Seattle,906,N,L,,155,0,1273329.78,260107.49,-122.3242817,47.70332389,402,NE,103rd,St,,,5th,Ave,NE
-122.2901856,47.46606564,57,570145,SeaTac Center Garage P&R,15247 S 154th St,98188,SeaTac,903,S,L,,62,0,1280085,173418,-122.290188,47.46606375,15247,S,154th,St,,,International,Blvd,
-122.2241961,47.56394921,58,570147,Congregational Church of Mercer Island P&R,4545 Island Crest Way,98040,Mercer Island,634,E,L,MI,28,0,1297050.01,208814.68,-122.224198,47.56394721,4545,,Island Crest,Way,,SE,46th,St,
-122.0187729,47.36510112,59,570141,Maple Valley Town Square P&R,26520 Maple Valley-Black Diamond Rd SE,98038,Maple Valley,652,S,L,,97,0,1346641.877,135441.5065,-122.0187758,47.36509864,26520,,Maple Val-Blk Diamon,Rd,,SE,264th,St,
-122.1363656,47.57044701,60,570024,Eastgate Congregational Church P&R,15318 SE Newport Way,98006,Bellevue,551,E,L, ,20,0,1318771,210805,-122.1363674,47.57044482,15318,SE,Newport,Way, , ,152nd,Ave,SE
-122.1886296,47.74111413,61,570036,Brickyard Road P&R,15530 Juanita-Woodinville Way NE,98011,Bothell,702,E,P,KC/S,443,0,1306967.539,273271.6963,-122.1886307,47.7411121,15530, ,Juanita-Woodinville,Way,NE, , , , 
-122.1820327,47.30044589,62,570061,SR 18/Auburn- Black Diamond Rd P&R,SR 18/Auburn-Black Diamond Rd,98092,Auburn,751,S,P,S,26,0,1305773.534,112527.1599,-122.182036,47.30044379,0, ,SR 18, , , ,Auburn-Black Diamond,Rd, 
-122.3268697,47.70341931,63,570074,Northgate Mall Garage P&R,NE 103rd St & 1st Ave NE,98125,Seattle,758,N,P,,280,0,1272693,260154,-122.3268711,47.70341752,,NE,103rd St,St,,,1st,Ave,NE
-122.3282069,47.70229041,64,570093,Northgate Transit Center P&R,10200 1st Ave NE,98125,Seattle,753,N,P,KC,90,0,1272355.816,259748.6841,-122.3282082,47.70228862,10200, ,1st,Ave,NE, , , , 
-122.2409121,47.46041123,65,570106,Tukwila Station P&R,7301 S Longacres Way,98188,Tukwila,871.1,S,P,ST,390,0,1292233,171129,-122.2409145,47.46040926,7301,S,Longacres,Way, , , , , 
-122.1707054,47.56480667,66,570113,Newport Covenant Church P&R,12800 Coal Creek Pkwy SE,98006,Bellevue,514,E,L, ,75,0,1310259.5,208893.3281,-122.1707073,47.56480455,12800,,Coal Creek,Pkwy,SE, ,Factoria,Blvd,SE
-122.143462,47.6207163,67,570011,Bellevue Christian Reformed Church P&R,1221 148th Ave NE,98007,Bellevue,538,E,L, ,20,0,1317331.603,229168.5647,-122.1434636,47.62071415,1221, ,148th,Ave,NE, , , , 
-122.1880067,47.71717096,68,570047,Kingsgate P&R,13001 116th Way NE,98034,Kirkland,719,E,P,S,502,0,1306967.058,264536.6749,-122.1880079,47.71716892,13001, ,116th,Way,NE, , , , 
-122.1891534,47.55706893,69,570070,Newport Hills P&R,5115 113th Pl SE,98006,Bellevue,722,E,P,S,275,0,1305656,206151,-122.1891553,47.55706685,5115, ,113th,Pl,SE, , , , 
-122.3235649,47.57180812,70,570094,Airport/Spokane P&R,Airport Way/Spokane St,98134,Seattle,749,N,P,S,25,0,1272577,212140,-122.3235668,47.57180628,0, ,Airport,St, , ,Spokane,St, 
-122.1236338,47.67649159,71,570132,Redmond P&R,16201 NE 83rd St,98052,Redmond,726,E,P,KC,377,0,1322562,249428,-122.1236351,47.67648944,16201,NE,83rd,St,,,Redmond P&R,,
-122.0637255,47.35829491,72,570040,Cornerstone United Methodist Church P&R,20730 SE 272nd St,98042,Kent,583,S,L, ,20,0,1335463,133134,-122.0637284,47.35829253,20730,SE,272nd,St, , , , , 
-122.187597,47.67899757,73,570069,Kirkland Way P&R,I-405/NE 85th St,98033,Kirkland,720,E,P,C,20,0,1306822.875,250612.6869,-122.1875984,47.67899552,0,NE,85th,St, ,,I-405,, 
-122.2599877,47.75868836,74,570122,Bethany Bible Church P&R,6214 Bothell Way NE,98028,Kenmore,501,N,L, ,75,0,1289531.82,279998.4303,-122.2599888,47.75868648,6214, ,Bothell,Way,NE, ,62nd,Ave,NE
-122.1943524,47.37990544,75,570124,Kent United Methodist Church P&R,11010 SE 248th St,98031,Kent,527,S,L, ,23,0,1303229.625,141560.6721,-122.1943553,47.37990337,11010,SE,248th,St, , ,110th,Ave,SE
-122.336137,47.51988914,76,570055,Olson Pl SW/Myers Way P&R,9000 Olson Pl SW,98106,Seattle,738,S,P,KC,100,0,1269104.375,193265.734,-122.3361391,47.5198873,9000, ,Olson,Pl,SW, , , , 
-122.2136239,47.47273694,77,570065,South Renton P&R,205 S 7th St,98055,Renton,743,S,P,S,385,0,1299063,175502,-122.2136263,47.47273491,205,S,7th,St, , , , , 
-122.2403172,47.75708353,78,570025,Kenmore Community Church P&R,7504 NE Bothell Way,98028,Kenmore,557,N,L, ,15,0,1294358.51,279324.0679,-122.2403183,47.75708161,7504,NE,Bothell,Way, , ,Kenmore P&R,Rd, 
-122.2315075,47.30602229,79,570027,Auburn Garage at Auburn Station P&R,110 2nd St SW,98001,Auburn,873,S,P,ST,520,0,1293536,114780,-122.2315108,47.3060203,23, ,A,St,SW, , , , 
-122.230812,47.30609394,80,570028,Auburn Surface Lot at Auburn Station P&R,23 A St SW,98001,Auburn,873.1,S,P,ST,113,0,1293709,114803,-122.2308153,47.30609196,23, ,A,St,SW, , , , 
-122.3254981,47.31498823,81,570123,Our Saviour's Baptist Church P&R,701 S 320th St,98003,Federal Way,531,S,L, ,24,0,1270283.585,118487.7734,-122.3255014,47.31498644,701,S,320th,St, , ,8th,Ave,S
-122.1657372,47.43060672,82,570118,Fairwood Assembly of God P&R,13120 SE 192nd St,98058,Renton,570,S,L, ,25,0,1310638.392,159927.9351,-122.1657398,47.43060457,13120,SE,192nd,St, , , , , 
-122.164658,47.59200283,83,570005,Bellevue Foursquare Church P&R,2015 Richards Rd,98005,Bellevue,916,E,L,ST,50,0,1311923.889,218786.1672,-122.1646598,47.59200071,2015, ,Richards,Rd, ,SE,21st,Pl, 
-122.1326343,47.61404669,84,570149,Cross of Christ Lutheran Church P&R,411 156th Ave NE,98007,Bellevue,912,E,L,,50,0,1319960.458,226690.8023,-122.1326359,47.61404452,411,,156th,Ave,NE,NE,4th,St,
-122.1532112,47.60555771,85,570150,Lake Hills Baptist Church P&R,506 140th Ave SE,98005,Bellevue,913,E,L,,50,0,1314832.811,223681.1345,-122.1532129,47.60555557,506,,140th,Ave,SE,SE,5th,St,
-122.132067,47.62675172,86,570151,Overlake Park Presbyterian Church P&R,1836 156th Ave NE,98007,Bellevue,915,E,L,,50,0,1320178.572,231322.132,-122.1320685,47.62674955,1836,,156th,Ave,NE,,Northup,Way,
-122.1538156,47.61534711,87,570152,The Neighborhood Church P&R,625 140th Ave NE,98005,Bellevue,917,E,L,,50,0,1314745,227254,-122.1538172,47.61534498,625,,140th,Ave,NE,,,,
-122.3282031,47.7003634,88,570153,Northgate Transit Center Interim (Lot B) P&R,9580 1st Ave NE,98125,Seattle,908,N,L,,84,0,1272343.097,259045.8921,-122.3282045,47.70036162,9580,,1st,Ave,NE,NE,100th,St,
-122.1647359,47.49894608,89,570154,Renton Bible Church P&R,973 Union Ave NE,98059,Renton,921,S,L,,50,0,1311317.441,184847.737,-122.1647381,47.49894393,973,,Union,Ave,NE,,,,
-122.3287216,47.70157432,90,570155,North Seattle P&R,10001 1st Ave NE,98133,Seattle,706,N,P,S,102,0,1272224.028,259489.9913,-122.3287229,47.70157254,10001,,1st,Ave,NE,NE,100th,St,
-122.1076533,47.63107702,91,570156,Holy Trinity Church P&R,17371 NE 24th St,98052,Redmond,918,E,L,,17,0,1326224,232799,-122.1076548,47.63107481,17371,NE,24th,St,,,,,
-122.1974397,47.59585024,92,570157,Enatai P&R,1624 Bellevue Way SE,98004,Bellevue,919,E,L,,46,0,1303861,220331,-122.1974415,47.59584819,1624,,Bellevue,Way,SE,,,,
-122.2011563,47.59984173,93,570158,Bellevue Church of Christ P&R,1212 104th Ave SE,98004,Bellevue,920,E,L,,50,0,1302970,221803,-122.2011581,47.59983968,1212,,104th,Ave,SE,SE,11th,,
-122.2016865,47.51814355,94,570001,Kennydale United Methodist P&R,3005 Park Avenue N,98056,Renton,579,S,L, ,50,0,1302309.358,192009.4059,-122.2016887,47.5181415,3005, ,Park,Ave,N, , , , 
-122.336033,47.42945692,95,570002,Normandy Park Congregational P&R,19247 1st Ave S,98166,Normandy Park,581,S,L, ,10,0,1268486,160285,-122.3360356,47.4294551,19247, ,1st,Ave,S, , , , 
-122.0025177,47.56816741,96,570004,Klahanie #3 P&R,4280 Klahanie Dr SE,98029,Issaquah,515,E,L, ,30,0,1351795.22,209442.88,-122.0025195,47.56816493,4280, ,Klahanie,Dr,SE,,,,
-122.460032,47.46647028,97,570006,Vashon Episcopal Church of the Holy Spirit P&R,15420 Vashon Hwy SW,98070,Vashon,589,S,L, ,23,0,1238084.974,174407.1808,-122.4600344,47.4664686,15420, ,Vashon,Hwy,SW, , , , 
-122.3347205,47.75958746,98,570008,Korean Zion Presbyterian Church P&R,17920 Meridian Ave N,98155,Shoreline,504,N,L, ,25,0,1271160,280676,-122.3347216,47.75958575,17920, ,Meridian,Ave,N, , , , 
-122.1411206,47.58564203,99,570009,St Andrews Lutheran Church P&R,2650 148th Ave SE,98007,Bellevue,911,E,L,ST,50,0,1317691.56,216366.7212,-122.1411223,47.58563986,2650, ,148th,Ave,SE,SE,28th,St, 
-122.1795863,47.38719527,100,570010,Kent Covenant Church P&R,12010 SE 240th St,98031,Kent,521,S,L, ,20,0,1306934,144155,-122.1795892,47.38719316,12010,SE,240th,St, , , , , 
-122.0578409,47.53955118,101,570012,Tibbetts Valley Park P&R,965 12th Ave NW,98027,Issaquah,540,E,L, ,27,0,1337973.353,199218.3992,-122.0578428,47.53954879,965, ,12th,St,NW, ,Newport,Way, 
-122.3326694,47.28291001,102,570015,Sunrise United Methodist Church P&R,150 S 356th St,98003,Federal Way,541,S,L, ,25,0,1268277.007,106823.4582,-122.3326728,47.28290824,150,S,356th,St, , , , , 
-122.2935359,47.35684935,103,570016,All Saints Lutheran Church P&R,27225 Military Rd S,98001,Auburn,542,S,L, ,75,0,1278500.588,133602.5037,-122.293539,47.35684748,27225, ,Military,Rd,S, , , , 
-122.2921456,47.36178252,104,570017,St Columba Episcopal Church P&R,26715 Military Rd S,98032,Kent,543,S,L, ,15,0,1278879.251,135395.0998,-122.2921486,47.36178065,26715, ,Military,Rd,S, , , , 
-122.2507725,47.50250911,105,570021,Community Bible Fellowship P&R,11227 Renton Ave S,98178,Seattle,591,S,L, ,29,0,1290077,186527,-122.2507747,47.50250716,11227, ,Renton,Ave,S,S,112th,Pl, 
-122.2086088,47.48112344,106,570023,Renton City Municipal Garage P&R,655 S 2nd St,98055,Renton,569,S,L, ,150,0,1300357.812,178538.4106,-122.2086111,47.4811214,655,S,2nd,St, , ,Logan,Ave,S
-122.3436386,47.51764082,107,570026,Sonrise Evangelical Free Church P&R,610 SW Roxbury,98108,Seattle,553,N,L, ,10,0,1267235.02,192482.07,-122.3436408,47.51763899,610,SW,Roxbury, , , ,6th,Ave,SW
-122.0191914,47.54505094,108,570030,Issaquah Highlands P&R,1755 Highlands Dr,98027,Issaquah,759,E,P,KC,1010,0,1347549.6,201074.7836,-122.0191933,47.54504847,1755, ,Highllands,Dr, , , , , 
-122.2107022,47.61726393,109,570034,Grace Lutheran Church P&R,9625 NE 8th St,98009,Bellevue,508,E,L, ,50,0,1300729,228199,-122.2107038,47.61726191,9625,NE,8th,St, , ,96th,Ave,NE
-122.0039198,47.30961631,110,570035,Black Diamond Masonic Temple P&R,32523 3rd Ave,98010,Black Diamond,590,S,L, ,30,0,1350014.634,115148.4676,-122.003923,47.3096138,32523, ,3rd,Ave, , , , , 
-122.2076698,47.48058412,111,570037,Renton P&R (Metropolitan Place),232 Burnett Ave S,98057,Renton,756,S,P,KC,150,0,1300586.452,178337.568,-122.2076721,47.48058207,232, ,Burnett, Ave,S, , , , 
-122.0812614,47.74275881,112,570038,Cottage Lake Assembly of God P&R,15737 Avondale Rd,98072,Woodinville,560,E,L, ,20,0,1333391.111,273424.7481,-122.0812624,47.74275663,15737, ,Avondale,Rd, , , , , 
-122.3463382,47.76680159,113,570041,Shoreline P&R,18821 Aurora Ave N,98133,Shoreline,709,N,P,S,393,0,1268354.796,283362.9306,-122.3463393,47.76679993,18821, ,Aurora,Ave,N, , , , 
-122.3237721,47.73578192,114,570042,North Jackson Park P&R,14711 5th Ave NE,98155,Shoreline,705,N,P,S,68,0,1273684.183,271941.8021,-122.3237733,47.73578014,14711, ,5th,Ave,NE, , , , 
-122.2013976,47.75959912,115,570045,Bothell P&R,10320 Woodinville Dr,98011,Bothell,701,E,P,KC,220,0,1303946.375,280068.937,-122.2013986,47.75959716,10320, ,Woodinville,Dr, , , , , 
-122.1525556,47.75652798,116,570046,Woodinville P&R,17800 140th Ave NE,98072,Woodinville,711,E,P,S,438,0,1315938.484,278739.1123,-122.1525566,47.75652593,17800, ,140th,Ave,NE, , , , 
-122.1853373,47.66792778,117,570048,Houghton P&R,7024 116th Ave NE,98033,Kirkland,717,E,P,S,470,0,1307308.5,246565.6418,-122.1853387,47.66792572,7024, ,116th,Ave,NE, , , , 
-122.1963742,47.64412919,118,570049,South Kirkland P&R,10610 NE 38th Pl,98033,Kirkland,728,E,P,KC,833,0,1304435.75,237934.063,-122.1963758,47.64412715,10612,NE,38th,PL, , ,106th,Ave,NE
-122.3261949,47.70182518,119,570056,Thornton Place Garage P&R ,3rd Ave NE & NE 100th St,98125,Seattle,760,N,P,KC,350,,1272847.847,259569.4005,-122.3261962,47.70182339,,,3rd,Ave,NE,NE,100th,St,
-122.4600118,47.4519479,120,570057,Ober Park P&R,17106 Vashon Hwy SW,98070,Vashon,737,S,P,KC,48,0,1237978,169111,-122.4600143,47.45194623,17106, ,Vashon,Hwy,SW, , , , 
-122.2991719,47.3583929,121,570059,Star Lake P&R,27015 26th Ave S,98032,Kent,745,S,P,S,540,0,1277114.576,134191.9931,-122.299175,47.35839104,27015, ,26th,Ave,S, , , , 
-122.0449679,47.39615787,122,570060,Maple Valley P&R,23033 Renton-Maple Valley Rd,98038,Maple Valley,736,S,P,S,122,0,1340329.133,146869.6591,-122.0449706,47.39615544,23033, ,Renton-Maple Valley,Rd, ,SE,231st,St, 
-122.5065618,47.33318229,123,570062,Tahlequah P&R,SW Tahlequah Rd & Vashon Hwy SW,98070,Vashon,752,S,P,S,36,0,1225521.521,126046.48,-122.5065649,47.33318081,0,SW,Tahlequah,Rd, , ,Vashon,Hwy,SW
-122.2874386,47.39147011,124,570063,Kent/Des Moines P&R ,23405 Military Road S,98032,Kent,735,S,P,KC,404,0,1280250.25,146200.125,-122.2874414,47.39146823,23405, ,Military,Rd,S, , , , 
-122.2272967,47.32101679,125,570064,Auburn P&R,101 15th St NE,98002,Auburn,730,S,P,KC,244,0,1294679.617,120229.6628,-122.2272999,47.3210148,101, ,15th,St,NE, , , , 
-122.3237413,47.72602233,126,570067,5th Ave NE/NE 133rd St P&R,5th Ave NE & NE 133rd St,98125,Seattle,710,N,P,S,46,0,1273622.819,268382.3489,-122.3237425,47.72602055,0, ,5th,Ave,NE,NE,133th,St, 
-122.1657365,47.3611602,127,570084,Lake Meridian P&R,26805 132nd Avenue SE,98031,Kent,748,S,P,KC,172,0,1310200,134600,-122.1657395,47.36115806,26805, ,132nd,Ave,SE, , , , 
-122.3202423,47.67623956,128,570085,I-5/NE 65th St./Green Lake P&R,6601 8th Ave NE,98115,Seattle,703,N,P,S,411,0,1274133,250210,-122.3202437,47.67623775,6601, ,8th,Ave,NE, , , , 
-122.2013167,47.63802381,129,570110,St Lukes Lutheran Church - Bellevue P&R,3030 Bellevue Way NE,98004,Bellevue,519,E,L, ,15,0,1303178,235729,-122.2013183,47.63802177,3030, ,Bellevue,Way,NE,NE,30th,Pl, 
-122.0147849,47.56955716,130,570116,Klahanie #1 P&R,4210 244th Pl SE,98029,Issaquah,510,E,L, ,30,0,1348775,209996,-122.0147867,47.5695547,0,SE,Klahanie,Blvd, , ,244th,Pl,SE
-122.2695809,47.48285963,131,570051,Tukwila P&R ,13435 Interurban Ave S,98168,Tukwila,746,S,P,KC,267,0,1285295,179447,-122.2695833,47.48285771,13435, ,Interurban,Ave,S, , , , 
-122.2073831,47.71104118,132,570109,Holy Spirit Lutheran Church P&R,10021 NE 124th St,98034,Kirkland,509,E,L, ,40,0,1302158.179,262385.6489,-122.2073844,47.71103917,0,NE,124th,St, , ,100th,Ave,NE
-122.285878,47.58876139,133,570111,Mercer Is United Methodist Church P&R,7070 SE 24th St,98040,Mercer Island,512,E,L, ,18,0,1281995,218145,-122.2858798,47.5887595,7070,SE,24th,St, , ,70th,Ave,SE
-122.2407642,47.75714364,134,570043,Kenmore P&R,7346 NE Bothell Way,98028,Kenmore,704,N,P,KC,606,0,1294249,279348,-122.2407652,47.75714172,7346,NE,Bothell,Way, , , , , 
-122.2383628,47.63677474,135,570146,Evergreen Point Bridge P&R,2860 Evergreen Point Rd,98039,Medina,715,E,P,S,48,0,1294038,235438,-122.2383644,47.63677278,2860,,Evergreen Point,Rd,,,SR 520,,
